chrm	start	end	#all	avgFC_all	avgLogP_all	#pos	avgFC_pos	avgLogP_pos	perc
chr2	47782715	47784276	463	0.581	1.517	59	3.090	4.233	0.127
chr2	47402767	47403752	199	0.736	1.518	24	3.152	4.301	0.121
chr2	47211408	47211489	18	-0.309	1.546	2	1.770	3.514	0.111
chr2	47559163	47559333	38	-0.025	1.251	3	2.037	4.951	0.079
chr2	47043410	47043530	26	0.168	1.541	2	2.090	4.937	0.077
chr2	48508482	48508760	30	0.031	1.516	2	1.790	4.162	0.067
chr2	46464581	46464767	34	-0.334	1.463	2	1.730	3.778	0.059
chr2	47493375	47493496	17	-0.103	1.785	1	1.660	3.858	0.059
chr2	48804557	48804631	18	0.098	1.129	1	1.460	3.384	0.056
chr2	47335162	47335302	19	0.333	1.137	1	2.220	3.333	0.053
chr2	46720777	46720937	21	0.166	0.872	1	1.680	3.300	0.048
chr2	47541997	47542317	62	0.053	1.061	3	1.627	3.581	0.048
chr2	48781277	48781446	23	-0.218	1.368	1	2.280	3.995	0.043
chr2	48560670	48561201	97	-0.052	1.217	4	1.990	3.844	0.041
chr2	48106604	48106896	51	-0.332	1.439	2	1.685	3.307	0.039
chr2	48601498	48601732	51	-0.007	1.225	2	1.760	3.545	0.039
chr2	47755484	47756108	85	-0.073	1.250	3	1.660	3.714	0.035
chr2	48585736	48586192	57	-0.123	1.389	2	2.370	5.206	0.035
chr2	46499814	46500475	119	-0.299	1.204	4	1.912	3.409	0.034
chr2	47476367	47476571	29	-2.167	1.112	1	1.740	4.154	0.034
chr2	47767933	47768443	118	-0.214	1.072	4	2.070	4.223	0.034
chr2	47227640	47228196	92	-0.221	1.253	3	1.890	3.508	0.033
chr2	47323193	47323951	126	-0.054	1.233	4	1.880	4.157	0.032
chr2	47058019	47058174	32	0.086	1.055	1	1.800	4.269	0.031
chr2	46878865	46879033	33	0.049	1.109	1	1.730	3.414	0.030
chr2	48047205	48047440	34	-0.053	1.060	1	1.670	3.817	0.029
chr2	47175627	47177035	334	-0.195	1.113	9	1.694	3.721	0.027
chr2	48111253	48112304	257	-0.080	1.012	6	1.820	4.101	0.023
chr2	48420811	48421001	43	0.010	1.120	1	1.980	5.145	0.023
chr2	48196058	48197362	187	-0.127	1.040	4	1.752	4.012	0.021
chr2	48314106	48315728	429	-0.225	1.136	9	1.873	4.429	0.021
chr2	47388208	47388496	49	-0.164	1.077	1	2.380	4.919	0.020
chr2	48530195	48530868	202	-0.177	1.092	4	1.825	3.868	0.020
chr2	46541698	46544265	594	-0.089	1.143	11	2.093	4.538	0.019
chr2	46698689	46699696	309	-0.012	1.123	6	2.110	4.873	0.019
chr2	46915464	46916202	212	-0.073	0.949	4	1.847	3.405	0.019
chr2	48415386	48415647	53	0.191	1.093	1	1.550	3.316	0.019
chr2	48755422	48755892	104	-0.284	1.118	2	1.940	4.184	0.019
chr2	46892508	46892783	56	-0.278	1.065	1	2.280	4.382	0.018
chr2	46986348	46987545	272	-0.178	1.140	5	1.716	3.792	0.018
chr2	47191521	47193363	272	-0.253	1.264	5	2.394	4.310	0.018
chr2	47368918	47370143	332	-0.152	1.125	6	2.105	4.790	0.018
chr2	46580325	46580702	59	0.032	0.895	1	1.850	4.616	0.017
chr2	46940390	46941878	371	-0.252	1.109	6	2.130	4.353	0.016
chr2	47272232	47272887	173	-0.278	1.136	2	1.600	3.818	0.012
chr2	47034146	47034911	182	-0.140	0.984	2	1.640	3.889	0.011
chr2	47345018	47345520	96	-0.068	1.104	1	1.990	4.269	0.010
chr2	47570494	47571981	415	-0.145	1.015	4	1.675	3.797	0.010
chr2	47798611	47801155	247	-2.029	1.087	2	1.780	4.345	0.008
chr2	46616497	46617342	200	-0.294	1.104	1	2.600	4.012	0.005
chr2	48440406	48441214	203	-0.172	1.005	1	2.550	6.557	0.005
